company_name,ticker,sector,founding_year,number_of_employees,ceo_tenure_years,ceo_count_since_2010,average_glassdoor_rating,institutional_ownership_pct,board_member_count,job_positions_open
Masters Capital Corporation,MMME,Real Estate Investment Funds (REITs),2007,50000,2.5,3,4.8,90.2,9,25000
"American Operations Services, Inc.",AOS,Transportation,1980,2500,5.0,2,7.8,25.0,12,100
Abbott Laboratories,ABT,Healthcare,1886,550000,12.0,5,4.2,95.0,13,100
AbbVie Inc.,ABBV,Healthcare,2012,42500,5.0,8,4.1,75.0,16,500
,ACN,,0,0,0.0,0,0.0,0.0,0,0
Adobe,ADBE,Software,1982,239830,10.0,3,4.2,85.0,16,12
"Advanced Micro Devices, Inc.",AMD,Technology – Semiconductors/RNA/Digital Logic/Electronics/Computers/Media & Mobile,1969,1300000,10.0,7,3.2,95.0,11,10000
Advanced Encryption Standard,AES,Technology,1977,450000,12.0,2,3.5,60.0,20,500000
American Football League,AFL,Sports Business/League,1960,25,2.0,4,8.5,70.0,100,10
,,,-1,-1,-1.0,-1,-1.0,-1.0,-1,-1
"Adventive Pharmaceuticals, Inc.",APD,Pharmaceuticals,1989,13000,2.5,1,-20.0,50.0,12,500
"Airbnb, Inc.",ABNB,Hospitality & Travel,2008,1000000,10.0,5,4.2,25.0,15,120000
Akamai Technologies,AKAM,Technology IT Services Cybersecurity Networking Internet Infrastructure Security Management Information Systems Data Centers Hardware Networking Technology,1998,22000,8.5,3,4.0,97.1,13,300
,ALB,,0,0,0.0,0,0.0,0.0,0,0
,,,0,0,0.0,0,0.0,0.0,0,120
Algonquin Power & Utilities,ALGN,Renewable Energy,2001,2609,8.0,2,75.0,20.5,7,300
ALEXANDER & BUHLER LIMITED,.AXA,Financial Services,1940,125000,2.0,1,3.8,42.0,15,5
Norfolk Southern Corporation,LNT,Transportation,1888,21320,3.5,12,-22.0,98.0,7,250
Apple Inc.?,AAPL,Technology,1976,170000,19.0,10,4.5,76.9,12,45
,,,0,0,0.0,0,0.0,0.0,0,0
Alphabet Inc.,GOOG,Technology,1998,160000,14.0,1,4.9,50.0,13,500
<Not Available>,MO,Health Care Equipment & Supplies,1949,15000,5.3,5,83.0,20.0,15,200
"Amazon.com, Inc.",AMZN,E-commerce and cloud computing,1994,1,0.0,5,3.0,75.4,20,10
American Consolidated Resources,AMCR,Energy,1986,1500,2.0,1,2.8,20.0,9,45
,AEE,,0,0,0.0,0,0.0,0.0,0,0
American Electric Power,AEP,Utilities,1906,20000,10.1,4,79.0,80.0,11,100
American Express,AXP,Financial Services,1850,57000,25.6,6,3.9,58.23,12,200
"American International Group, Inc.",AIG,Financial Services,1919,43000,5.67,3,2.9,80.0,12,500
AT&T,AMT,Telecommunications,1875,250000,4.0,45,78.0,40.0,15,100
,,,0,0,0.0,0,-1.0,-1.0,0,0
AMP National Corporation,AMGPF,Information Services,1943,1000000000,10.0,2,4.5,65.0,15,50
American Express Company,AXP,Financial Services,1850,70000,5.0,7,4.1,95.0,12,123
Amgen Inc.,AMGN,Pharmaceuticals & Biotechnology,1986,32343,0.5,3,4.1,85.0,10,45643
"Applause, Inc.",APH,Technology,1997,30000,10.0,6,4.2,65.0,15,200
Analog Devices Inc.,ADI,Technology,1965,10800,5.8,2,4.6,94.1,15,50
"Analog Semiconductor, Inc.",ANS,Technology - Computer Hardware,1988,4000,5.0,2,3.7,40.0,13,100
Aon Corporation,.aon (AON),"Consulting Services; Insurance Brokers & Agencies; Commercial Banking; Government Services, Regional Authorities & Other Public Bodies in North America",1982,500000,0.58,28,-2.34,90.6,17,200000
,,,0,0,0.0,0,0.0,0.0,0,0
American Premier Underwriters,APOL,Life Insurance,1994,0,1.5,2,3.8,60.5,4,100
Apple Inc.,AAPL,Technology,1976,164550,2020.0,3,4.1,60.0,20,100
AMD,AMAT,Technology,1968,10900,10.0,7,3.5,78.1,11,100
"American Pre-Paid Telecommunications, Inc.",APTV,Telecommunications Services,1996,2000,8.5,2,68.0,25.0,15,20
,,,0,0,0.2,8,65.0,50.0,12,5
Admiral Insurance (New York),ADM,Property & Casualty Insurance,1906,28000,10.0,4,5.2,90.0,15,1500
Ameriprise Financial,**ANET**,"Insurance (Mutual),",1876,2,4.0,1,82.0,83.0,11,42
Allergan plc,AGL,Pharmaceuticals/Healthcare,1983,8000,4.0,2,2.5,40.0,12,100
Advanced Accelerator Design LLC,AIZ,Technology,2004,1000,3.0,2,3.5,40.0,5,50
"Tesla Motors, Inc.",TSLA,Automotive,2003,125000,8.0,2,8.5,45.0,16,10000
Atlanta Gas Light Co.,ATG,Electric Utilities,1886,3500,25.0,3,68.0,73.23,11,50
Autodesk Inc.,ADSK,Technology software and services,1982,6000,5.0,4,81.0,83.7,14,30
"Automatic Data Processing, Inc.",ADP,Technology,1911,5200000,8.14,2,4.13,85.3,8,100000
AZO,AZO,Financial Services Software,1996,8009,8.0,2,4.5,35.0,7,12
AMREP Healthcare Corporation,AVB,Healthcare – Outpatient Services,1999,3000,15.0,5,4.2,55.0,9,50
Avy,AVY,Consumer Discretionary,1998,5000,4.0,4,2.3,60.0,7,500
Axon,AXON,Technology Industrials Sector,2003,2000,4.0,2,86.0,65.0,12,20
Brandywine Realty Trust,BKR,Commercial Real Estate - REITs,1972,1200,3.0,2,4.5,90.7,12,500
Ball Corporation,BALL,Consumer Staples: Packaging & Containers,1883,130000,10.0,4,0.65,90.0,11,300000
,B,Financial Services,1909,456000,13.0,8,3.1,45.12,16,235
Weyerhaeuser Co.,BAX,Forestry,1909,21000,4.8,3,2.5,50.1,20,100
Broadcom Inc.,BDX,semiconductor,1991,5500,5.9,2,4.8,60.0,14,50
Berkshire Hathaway,BRK.B,Financial Services,1888,440000,54.0,5,3.7,95.4,33,500000
Baby Bells,BBY,Retail,1994,120000,15.0,2,8.3,45.0,11,500
,,,0,0,0.0,0,0.0,0.0,0,0
Biogen Inc.,BIIB,Biotechnology/Pharmaceuticals,1981,10700,3.14,2,4.9,85.5,12,15
,BLK,,0,0,0.0,0,0.0,0.0,0,0
Brighton Beach,BX,Healthcare - Managed Care Sector,1988,1000,10.0,3,85.5,75.0,12,50
Blackstone Group,BLACKSTONE GROUP LIMITED [BLACK] US0018DR1037 BLACK STOCKHOLDER CERTIFICATES/CONVERTIBLE SECUITIES OF [TICKERNAME] INC.,Financial Services,1996,8500,10.0,2,4.1,0.02,15,200
Bayerische Motoren Werke,BMW,Automotive,1916,120,3.0,2,4.5,35.0,23,25
Booking Holdings Inc.,BKNG,Travel and Leisure,1979,50000,13.5,0,4.1,75.3,15,10000
"BD Biosciences Inc. (Biomarker Systems, Inc.)",BDX,Healthcare,1989,10000,15.0,3,4.2,60.0,10,20
Becton Dickinson and Company,Bmy.,Healthcare,1897,30000,5.82,3,4.1,50.2,15,100
Avgo Technologies,AVGO,Semiconductors,2000,900,10.0,2,3.5,75.0,11,50
Acme Corporation,$ACME,Manufacturing,1960,20000,15.0,3,4.2,45.0,10,100
,,,0,0,0.0,0,0.0,0.0,0,0
Brain Food Inc.,BF.B,Food and Beverage-Consumer Staples,2008,250,5.0,3,82.9,75.0,6,20
Bldr Corp,BLDR,Technology,2021,15,2.5,4,4.8,35.0,9,3
Boston Globe,BGLB,Publishing,1872,70000,8.0,3,4.5,20.0,6,100
Brown-Forman Corporation,BXP,Consumer Goods: Tobacco and Bottled/Flavored Beverages,1854,33000,6.0,3,2.8,50.0,11,100
"<search for full company name, e.g. Chetek...",Chewonchi,Natural Resources,1956,1500,10.0,3,2.1,35.0,8,20
"Cavendish Kinetics, Inc.",CDNS,Biotechnology,2015,25,-1.3,2,4.2,89.6,10,0
Consol Energy Inc.,CZR,Conventional Energy,1909,2300,3.5,1,2.8,42.0,12,25
,,,0,0,0.0,0,0.0,0.0,0,0
Cincinnati Public Schools,CPB,Educational Services,1819,5500,3.5,2,3.6,30.4,7,100
[Full Company Name],COF,financial services,1919,1100000,3.2,4,85.0,70.0,12,5000
CA Healthcare Acquisition,CAH,Healthcare,2010,25000,7.0,3,5.0,85.0,11,200
"Mars, Inc.",KMX,Consumer Goods,1932,75,2015.0,4,3.1,99.0,13,8
Caesars Entertainment Corporation,CCL,Leisure and Amusement,1937,75000,2.5,3,3.4,85.0,14,200
Aerotek,CARR,Technology Software Services,2007,1000,2.0,1,4.5,85.6,11,0
"Cat,",CAT,Industrial,1843,35000,25.0,5,4.9,68.2,14,1006
Chicago Board Options Exchange (CBOE),CBOE,Financial Services,1973,1300,5.2,4,3.0,20.8,16,50
Carrington College of Health Sciences,CBRE,REIT (Real Estate Investment Trust),1998,180000,4.5,6,2.9,86.2,10,100
Computer Dataways,CDW,Technology,1970,50000,1.0,2,3.7,45.6,10,100
Corporation,COR,Energy,1962,10000000,1.5,3,83.0,65.0,7,500
CNH Industrial N.V.,.CNHI,Agricultural Products,1842,41000,16.2,4,3.5,70.7,8,200
CNP Digital,CNPD,Technology,2014,1000,3.0,1,3.5,60.0,6,50
Coca-Cola Company,KO,Consumer Goods,1892,737000,8.0,4,3.6,40.0,15,50
Community Reinvestment Corp,CRL,Financial Services,1977,70000,2.0,4,3.5,75.0,15,20
,SCHW,Banking - National Commercial Banks,1866,22000,5.0,9,3.8,25.0,10,3
-,CHTR,-,-1,-1,-1.0,-1,-1.0,-1.0,-1,-1
Chevron Corporation,CVX,Energy,1879,54000,4.0,3,1.2,75.43,15,5
Colgate-Palmolive Company,CMG,Consumer Goods,1806,86540,2.5,10,3.9,70.0,13,500
Citigroup Inc.,C,Financial Services,1812,220000,11.0,7,1.86,45.0,14,2500
"Cardinal Health, Inc.",CHD,Healthcare,1957,1000000,4.6,2,4.0,45.0,13,300
...,...,...,1884,500000,4.0,2,3.8,95.5,9,200
Central Industries Corporation,$CINF,Industrial Equipment Manufacturing,1968,2500,10.0,3,4.5,65.0,12,500
CARES Training and Services,@CTAS,Professional Services,1976,50,5.0,2,4.1,35.0,8,20
Cisco Systems,CSCO,Technology,1984,134500,13.0,1,2.7,64.0,9,0
Apple Inc.,AAPL,Technology Equipment & Electronics Retailing Service Hardware Retailing Technology Retailing Information Technology Equipment Electronics,1976,180000,11.0,7,79.4,40.0,15,10
Commonwealth Financial Corporation,CFG,Consumer Financial Services,1945,1502,6.0,0,3.4,80.45,12,20
CommScope Holdings Corp,CLX,Industrials - Communications Equipment,1982,90000,10.0,4,82.0,98.7,8,20
Chicago Mercantile Exchange Inc.,CME,Financial Services,1873,1000,12.0,4,4.2,95.0,6,150
,,,0,0,0.0,0,0.0,0.0,0,0
Coca-Cola Company,KO,Consumer Staples,1892,7000000,1.5,9,3.7,45.0,10,500
"Catalyst Health Solutions, Inc.",CTSH,Healthcare Technology Services,1997,600,12.0,2,4.3,95.0,9,50
Canadian Lithium Corp,CL,Basic Materials - Metals & Mining Company,2010,150,2.5,3,4.8,30.5,13,100
Comcast Corporation,CMCSA,Telecommunications,1963,1100000,15.0,8,72.0,80.9,16,100000
Central Garden & Pet,CAG,Consumer Goods,1986,22000,5.0,2,3.8,60.0,11,500
Copart Inc.,${COP},Industrials,1985,6000,11.0,2,3.7,85.9,12,300
"Eaton Company, Inc.",EE,Diversified Industrials,1911,110000,3.0,2,58.0,87.0,15,200
Starz Inc.,STZ,Entertainment Media and Services (M-Internet),1988,2200,2.0,1,4.42,45.5,9,5
Cigna,CGWY.WSS,Healthcare,1792,51500,2.3,1,4.22,71.56,14,55
"John Smith Works, Inc.",SMITHS,Technology,1987,215,12.0,4,2.9,40.0,10,8
CardPoint Corp,CPRT,Financial Services,2000,500,2.0,5,3.8,20.0,12,10
"GL Wizmann, Inc.",GLOW,Healthcare Services,1969,5,0.2,1,8.9,60.4,12,150
"Cablevision Systems, Inc.",CPAY,Consumer Services,1993,150000,4.5,1,-2.0,25.0,12,50
C T Vanadium Corp,.CCTV.U?,Metals & Mining,2016,50,5.0,2,7.8,25.3,15,20
"Catalent, Inc.",CSGP,Healthcare/Biotechnology,2002,3000,3.0,1,75.0,85.0,11,5
Costco Wholesale Corporation,COST,Retail (Department Store) Retail (Discount),1983,550600,13.37,17,3.6,67.1,16,20
California Tissue Products Association,CTRA,Health Care Providers,1917,2000,20.0,5,2.9,35.0,10,250
CrowdStrike Holdings Inc.,CRWD,Technology Software,2007,60000,12.0,2,92.0,98.5,6,10000
C.C. Industries Inc.,CCI,Capital Goods,1945,100000,20.0,2,7.8,70.0,10,123
CSXT Corporation,CSX,Transportation,1853,29000,12.0,2,4.1,85.6,9,100
Comerica Incorporated,CMI,Financial Services,1848,5500,12.0,1,75.0,90.0,7,20
CVS Health,CVS,Healthcare - Retail & Services,1963,280000,7.0,1,2.5,20.0,11,100
Dress for Success,[D]ress[for][Su]c[cess],Retail Services,1996,2,0.0,1,4.3,15.5,8,3
DRi Inc.,DRI,Consumer Discretionary,1986,101,0.5,3,2.7,70.0,9,-1
DaVita Inc. (DVA),DVA,Healthcare Services,1995,40000,8.0,3,4.0,70.0,11,200
ABC Company,ABC,Technology,1984,15000,3.5,2,72.0,35.0,9,500
,,,0,0,0.0,0,0.0,0.0,0,0
,,,0,0,0.0,0,0.0,0.0,0,0
Dell Technologies Inc.,DELL.O,Technology,1984,550000,10.0,4,3.6,50.0,14,10000
"Amgen, Inc.",AMGN,Healthcare Services,1986,35000,11.0,3,4.5,80.0,20,500
,DVN,,0,0,0.0,0,0.0,0.0,0,0
Digital Health Solutions,DXCM,Technology,1978,1500000,10.0,3,4.5,75.4,15,10000
"Facebook, Inc.",$FB,Technology,2004,69,0.0,0,2.9,3.5,9,0
DRY FLOTTER CO,DLR,Maritime Services,1998,100,3.0,2,4.5,70.0,8,50
,,,0,100,10.0,0,4.0,25.0,9,-1
General Dynamics Corporation,GD,Defense,1899,400000,15.0,12,3.6,85.0,12,50000
DICK'S Sporting Goods,DLTR,Retail,1938,23000,15.3,11,3.9,30.0,13,456
Apple Inc.,.AAPL,Technology,1976,1730000,13.0,3,4.5,65.0,13,50
Diamond Power Corp,DPZ,Consumer Discretionary: Retail - Food & Beverage,1958,7500,12.5,4,3.6,55.0,6,100
"Dash Brands, Inc.",DASH,Food & Beverage Retailing,2016,1000,5.0,3,4.2,30.0,15,120
Dover Corporation,DOV,Industrials,1888,25000,25.0,12,73.0,90.4,14,200
The Dow Chemical Company,.DOW,Materials & Specialty Chemicals,1897,0,0.0,0,3.75,89.0,1,0
Duke Realty Corporation,DHI,Real Estate Investment Trusts (REITs),1958,142000,15.0,3,0.6,98.0,8,500
The Dow Chemical Company,DTE,Industrials,1897,55000,12.0,3,4.1,95.0,14,500
Duke University,DUK,Financial Services,1838,12325,2.5,6,3.9,96.45,41,125
,,,0,0,0.0,0,0.0,0.0,0,0
Empire Magnesium,EMN,Metals & Mining,2010,150,3.5,2,92.0,65.0,12,10
,ETN,,0,0,0.0,0,0.0,0.0,0,0
<company_name>,EBAY,e-commerce,1995,600000,3.2,17,32.0,85.0,28,100000
European Colonial Empires Inc.,.,.,1900,50000,15.0,5,7.8,90.0,30,200
Exide Industries Limited,EIX,Energy,1927,120000,11.2,9,4.1,50.3,12,42
NVIDIA Corporation,NVDA,"""Technology, semiconductors""",1993,13000,7.5,1,4.8,83.2,9,100
Electronic Arts,,,0,-1,-1.0,-1,-1.0,0.0,10,-10000
"Elavon Technologies, Inc.",ELV,Technology,2006,7000,5.0,7,4.2,45.0,10,200000
Electronic Medical Records,EMR,Healthcare,2001,5000,8.0,4,7.5,35.5,15,300
Enphase Energy,ENPH,Energy Infrastructure,2006,1100,13.0,2,3.7,42.0,9,5
Eurotitan S.A.,ETR,Energy,1959,21000,7.0,4,2.8,35.0,9,200
Eog Resources Inc,EOG,Oil & Gas Exploration,1921,17000,25.0,6,83.0,50.0,12,30
Enterprises for Application Management,EPAM,Information Technology,1999,60000,12.0,3,4.6,40.0,11,700
Equity Office Properties,EQTY,REIT - Real Estate Investment Trusts,1954,40000,12.0,1,78.0,50.0,2,400
Everett E. Firestone Co.,EFX,Conglomerate Industries,1883,230000,10.0,5,4.2,85.0,15,200
"Equinix, Inc.",EQIX,Technology,1998,15000,6.5,1,3.4,45.0,7,10
Equitable Resources Inc.,EQR,Energy Utilities,1911,4000,5.0,3,4.2,30.0,8,500
General Electric Company,.GE,Industrials/Technology/Materials/Airlines/Light/Rail/Electrical Systems,1892,326000,8.5,4,3.1,67.5,32,450000
,ESS,,0,0,0.0,1,0.0,0.0,10,101
Microsoft Corporation,MSFT,Technology,1975,181000,20.0,8,4.5,70.0,17,100
,,,1800,50000,5.2,3,4.2,45.0,7,100
,EVRG,,-1,-1,-1.0,-1,-1.0,-1.0,-1,-1
Global Tech Corp,GTCO,Technology,1990,50000,15.0,12,4.2,65.0,9,1
,,,0,0,0.0,0,0.0,0.0,0,100000
,,,0,0,0.0,0,0.0,25.0,9,1
@ExpediaGroup Inc,^EXPE^,Travel/Hospitality Services,1979,460000,18.0,1,4.2,95.0,13,600000
"eXPRESS Delivery Services, Inc.",EXPD,Transportation - Shipping & Logistics,2018,500,0.15,2,3.4,65.0,8,30
eBay Inc.,EBAY,E-commerce and Digital Payments,1995,2000,7.5,3,66.0,23.0,11,120
Chevron Corporation,XOM,Energy,1879,46500,40.25,7,4.3,80.0,16,150
"Square Enix Co., Ltd.",SQ,Technology,1976,1500,10.0,3,4.1,12.0,7,5
First Data Corporation,fds,Information Technology,1929,300000,7.0,2,3.4,90.0,9,500
Fidelity National Information Services,FNIS.Q,Technology,1969,5600,20.0,7,3.8,85.6,13,123
,,,0,0,0.0,0,0.0,0.0,0,0
,FRT,,0,0,0.0,-1,-1.0,0.0,11,5
FedEx Corporation,FDX,Logistics & Transportation,1971,700000,12.0,5,3.6,35.2,10,500
"First International Bank of Baltimore, National Association",FIS,Banks - Major Regional Banks,1808,1000,2.0,1,75.0,45.3,12,4
Ford International Investment Bank Corp,FITB,Finance,1994,90000,6.0,2,75.0,88.5,14,100
"First Solar, Inc.",FSLR,Renewable Energy,2006,6000,8.0,2,4.0,45.0,12,-1
<UNABLE TO FIND COMPANY INFORMATION>,TICKER_SYMBOL,SECTOR,0,0,0.0,0,0.0,0.0,0,0
,,,0,0,0.0,0,0.0,0.0,0,0
Your Company Name,***UNKNOWN***,,-1,-1,-1.0,-1,-1.0,-1.0,-1,0
Fortinet,FTNT,Technology,1991,5000,12.0,8,4.5,65.2,14,300
"FilmTrain Ventures, Inc.",FTV,Entertainment,2009,150,3.0,2,5.4,50.0,7,25
Fox Entertainment Group,FOX,Entertainment,1927,1000,2.0,4,3.5,35.0,12,50
Fox Corporation,FOXA,Media,1926,130000,5.0,3,4.2,97.0,15,100
Benjamin Moore, BEN MOORE INC (BMQ),Home Improvement Retailers,1887,40000,23.0,2,4.5,98.0,14,100
Freeport-McMoRan Inc.,FCX,Mining - Gold and Copper Exploration,1988,10000,5.9,2,74.0,60.0,8,200
German Automotive Holdings Group AG,GRMN,Automotive Manufacturers,1949,1025000,5.0,4,7.1,65.0,12,500
...,...,...,1,0,1.5,3,4.0,-1.0,6,-1
General Electric,GE,Industries,1892,326000,8.0,3,7.5,25.6,11,25000
,,,0,0,0.0,0,0.0,0.0,0,30000
"G.E.V. Transportation, Inc.",GEV,Industrial Transportation & Logistics Services,1957,9000,24.0,8,3.2,85.5,15,100
General Electric Company,.GE,"Industrial goods and services; aircraft manufacturing, engineering, research; financial services",1892,306000,6.67,6,3.8,61.23,18,13000
GNRC,GNRC,Healthcare/Biotechnology,1969,1015,8.2,7,2.6,38.1,12,23
,,,-1,0,-1.0,-1,-1.0,-1.0,-1,-1
American Express,AXP,Financial Services,1850,57000,15.0,1,4.3,35.0,13,1000
General Motors Company,.GM,"Automotive Industry, Automotive - Passenger Cars & Light Trucks Manufacturing",1908,78000,12.0,3,4.2,30.1,14,20000
Google Inc.,"GOOG, GOOGL",Technology (including internet and mobile services),2015,203032,18.0,3,4.6,80.0,15,150
,GILD,,-1,-1,-1.0,-1,-1.0,-1.0,-1,-1
"Gannett Co., Inc.",GPN,Multi-Business Media & Information Services,1904,27000,3.5,2,67.0,30.0,20,500
GlobalLogic,GL,Information Technology - Software (IT),1994,45000,5.0,2,4.1,15.0,10,50
Garmin Ltd.,GDDY,Healthcare and Medical Technologies,1990,10000000,10.0,5,4.3,65.1,5,-12345
Google Inc.,GOOGL,Technology,1998,182000,13.5,15,3.9,92.5,16,10000
"Tesla, Inc.",TSLA,Automotive & Clean Energy Infrastructure,2003,120000,16.0,2,4.5,70.0,20,10000
"Hovnanian Enterprises, Inc.",HIG,Homebuilding & Construction Industry,1970,3000,15.0,7,2.8,45.0,11,300
Amazon.com,AMZN,Technology,1994,1500000,17.0,1,92.0,82.7,9,10000
"HCA Healthcare, Inc.",HCA,Healthcare,1959,216000,7.0,3,4.1,81.4,15,1002
,,,0,0,0.0,0,0.0,0.0,0,0
HSBC Holdings plc,HSIC,"""Financial Services""",1865,400000,15.0,6,3.7,85.2,5,100
Hollister International,HSY,Apparel Retailers - Clothing Stores,1906,30000,2.25,2,67.0,47.3,12,50
Hess Corporation,HES,Energy,1902,8000000,2.15,6,3.8,98.5,9,2000000
Hewlett-Packard Company,HPQ,Technology,1939,57000,2.5,7,4.8,60.0,14,10000
Hilton WorldWide (Formerly Hilton Holdings),HLT,Hospitality,1919,1400000,4.0,1,3.7,90.0,11,10000
Holoxis Inc.,.NFX,Medical Technology,2001,35,2.0,4,8.5,98.0,7,10
Honeywell International Inc.,HD,Industrial Goods,1885,147500,12.6,15,82.0,73.0,20,1
Honeywell International Inc.,<stockSymbol>,Industrial Manufacturing,1925,132000,8.0,1,83.0,92.89,17,1232
Hormel Foods Corporation,HRL,Food Manufacturing,1889,22000,7.4,7,3.8,60.0,14,2
Hispanic Star Acquisition Corp.,HST,Financial Services,2021,1025,3.0,2,83.4,45.5,10,75
Walmart,WMT,Retail,1962,230000,10.0,3,4.7,15.0,18,1
Hewlett-Packard Company,HPQ,Technology,1939,400000,4.5,3,72.0,35.0,13,500
"Hub Financial Systems, Inc.",HUBB,Technology,2020,100,2.5,1,4.8,25.0,7,3
,,,0,0,0.0,0,0.0,0.0,0,0
Hanna Bank,HBSN,,1902,5000,10.0,20,3.9,60.0,5,50
,,,0,0,0.0,0,0.0,0.0,0,0
IBMCORP INC,ibm,Technology,2011,110000,34.0,12,-14.0,-45.0,13,50000
Fidelity National Financial Inc.,FNF,Real Estate,1968,5000,7.22,6,3.0,67.0,9,245
"Invenio, Inc.",IDXX,Biotechnology,2018,500,2.0,1,4.5,42.0,9,120
Illinois Tool Works Inc.,ITW,Manufacturing,1924,86500,9.25,7,3.8,58.2,17,450
Incyte Corporation,INCY,Biosciences (Biotechnology),1988,2,0.0,-1,3.5,60.0,15,2
International Reinsurance Corporation,IR,Insurance,1973,60000,40.0,13,8.5,95.0,25,50
PODD,PODD,Services,2020,500000,5.0,3,4.2,60.0,10,1000
<missing>,INTC,> Tech,1968,1080000,17.0,4,4.2,60.9,24,200
Intercontinental Exchange Inc.,ICE,Financial,2008,5300,9.0,3,76.0,83.0,20,50
Intelygenz Inc.,IFRKK,Information Retrieval,2008,23,2.0,1,4.5,82.0,7,11
,,,0,0,0.0,0,0.0,0.0,0,0
Interpublic Group of Cos. (Holding Co.),IPG.HK,Advertising/Multimedia & Marketing Services,1850,35000,21.0,12,75.0,75.2,15,100
INTELLA CORP,INTU,Information Technology,2010,400000,4.0,2,3.9,45.0,11,5000
"Cloudflare, Inc.",CLDR,Technology,2009,8000,12.0,1,4.25,85.0,15,300
"VIIZR, Inc. (formerly Valerius Capital Corp.)",IVZ,Technology,-15,45050020,5.0,12,2.5,65.0,10,-13
,INVH,,0,0,0.0,0,0.0,0.0,0,0
Intuit QuickBooks,INTU-QQ,E-Commerce & E-commerce,2011,56000,12.0,4,4.6,86.0,17,10000
Iron Mountain Inc.,IRM,Information Technology/Technology,1971,33000,2.0,5,3.8,85.0,12,0
"J.B. Hunt Transport Services, Inc.",JBHT,Transportation,1973,33000,25.0,1,3.6,95.0,13,400
JBL Audio,JBL,Electronics,1981,50000,50.0,10,3.9,70.0,75,10000
"Jack Henry & Associates, Inc.",JKHY,Financial Services,1979,40000,8.0,3,4.2,50.0,15,500
John,JKO,[REDACTED],1925,25000,15.0,4,82.0,55.0,12,50
Johnson & Johnson,JNJ,Healthcare,1886,132000,12.0,3,4.1,83.0,19,30000
,JCI,,0,0,0.0,0,0.0,0.0,0,0
JPMorgan Chase & Co.,JPM,Financial Services,1900,279000,14.2,14,4.7,60.5,20,500
Juniper Networks,JNPR,Telecommunications,1996,7000,3.0,2,0.5,98.0,11,100
...,...,...,1900,50000,10.0,3,8.5,70.0,15,100
KVUE-TV,KVEU,Broadcasting\nTelevision\nand\nRadio,1953,250,1.5,2,8.0,50.0,9,10
Kindle Direct Publishing LLC,AMZN.KPUS,Technology,2013,2000000,2021.0,2,4.5,85.6,11,50000
...full company name from search results,...ticker symbol extracted from URL or headline,Full sector information from source data,2010,2023,15.2,7,4.3,60.5,11,45
Company Name,TICKER SYMBOL,SECTOR/INDUSTRY,1800,50000,15.0,5,3.2,65.4,20,10
,KMB,,1956,1300,9.0,3,68.0,25.2,8,10
Kimberly-Clark Corporation,KMB,Consumer Staples,1882,136000,6.5,3,4.1,20.0,7,200
Kelly Services,KMI,Industrial,1955,40000,4.0,1,3.2,45.0,12,200
Kohlberg Kravis Roberts & Co.,KKR,Financials - Diversified Investments,1976,8000,10.2,3,4.1,95.25,5,15
KLA-Tencor Corporation,KLAC,Semiconductors & Semiconductor Equipment,1969,10000,5.0,2,4.8,85.0,15,20
Kraft Heinz Company,KHC,Consumer Staples,2015,1000000,8.0,3,2.6,98.0,15,100
Inseego Corp.,INSG,Communication Services,1998,0,13.5,2,83.0,35.5,10,6
Luxonix Holdings Inc.,LHX,Technology Sector,2010,50,1.5,3,2.8,45.0,9,20
Example Corp,EXAMPLE,Technology,2015,1000,3.2,2,8.1,75.0,12,25
Lexington Electric Co. Inc.,LRCX,Technology Hardware/Equipment,2015,1500,8.0,2,-1.2,-18.9,11,10
,,,-1,-1,-1.0,-1,-1.0,-1.0,-1,-1
"Las Vegas Sands, Inc.",LVS,Consumer Discretionary,2004,55000,5.2,3,4.7,15.0,13,100
"L-3 Technologies, Inc.",LDOS,Industrial Technology / Aerospace & Defense,1959,5000,6.0,5,73.8,40.2,12,100
Lenovo,LNVDF,Technology,1984,220000,2020.0,2,3.8,95.0,13,500
Legal Information Institute (LIIG) at Northwestern University School of Law,NWC,Business,1859,1000,2002.0,3,4.7,35.6,40,50
,LLY,,0,0,0.0,0,0.0,0.0,0,0
"""Lincoln National Corporation""","""LN""","""Insurance Company""",1905,102000,11.0,19,2.7,65.0,9,500
"Lyft, Inc.",LYV,Transportation,2012,50000,6.45,8,3.95,48.75,4,42
,,,0,0,0.0,0,0.0,0.0,0,0
Lockheed Martin,LMT,Industrials,1997,135000,20.0,11,4.5,98.0,24,45
,,,0,0,0.0,0,0.0,0.0,0,0
,,,-1,0,0.0,0,50.0,25.0,10,5
"LU Lu Enterprises, Inc.",.LUVU,.LUVU,2023,12345,5.8,100,2.3,67.4,22,150
LyondellBasfield Industries,lyb,Industrial Materials,1921,12300,3.0,4,3.5,65.0,13,100
,MTB,,-1,-1,-1.0,-1,-1.0,-1.0,-1,-1
MPC Corporation,MPCCY,Consumer Staples/Basic Industries,1916,2000,8.0,3,4.5,50.2,10,150
MK Technology (Global),MKTX,Information Technology & Consulting Services,1993,5000,4.0,2,8.5,65.2,9,100
Marathon Petroleum Corporation,MAR,Energy,1872,14000,3.5,5,3.7,75.0,12,250
,MMC,,0,300,20.0,3,8.99,50.0,10,5
MLM Inc.,MLMI,Beverages,2005,1000,3.0,1,4.2,42.5,8,25
Masdar, MAS ,Renewables & Cleantech,2006,2500,13.0,3,3.5,25.0,4,100
Maine Acceptance,MA,Financial Services,1976,4000,3.0,2,4.5,75.0,20,200
Mattel Inc.,MTCH,Consumer Goods,1945,550000,4.0,10,3.5,35.0,11,500
,MKC,,0,0,0.0,0,0.0,0.0,0,0
McDonald's Corporation,MCD,Consumer Goods & Retailing,1940,1,22.5,15,4.5,85.0,6,2
McKesson Corporation,MCK,Healthcare & Pharmaceuticals,19,70000,22.0,11,81.0,90.0,13,100
,,,0,0,0.0,0,0.0,0.0,0,0
"Merck & Co., Inc.",MRK,Healthcare,1891,88,0.0,4,-3.5,15.0,13,27
"Meta Platforms, Inc. - Common Stock",META,"Technology (Hardware, Software & Services)",2004,180000,9.0,1,78.0,90.0,10,10
Metro AG,MEGA.PA,Food Retail Consumer Goods and Services,1920,44000,2.3,4,7.8,45.5,12,200
Magna International Inc.,MTD,Autonomous Vehicles & Autonomous Driving Systems,1954,600000,10.0,5,3.2,20.0,15,200
MGM Resorts International,MGM,Consumer Discretionary,1986,27000,21.0,3,72.0,48.0,13,40
Medtronic plc,MCHP,Healthcare Equipment & Services,1949,73000,12.0,3,4.1,65.15,20,150
Murphy USA,MU,"Convenience Stores (e.g. 7-Eleven, Wawa)",1944,15000,11.0,2,3.7,45.0,14,100
Microsoft Corporation,MSFT,Technology,1975,22020000,6.0,4,96.0,80.3,16,350000
"M&M's Mars, Incorporated",MAA,,0,15000,5.0,3,4.2,86.0,16,100
Moderna Inc.,MRNA,Healthcare,2010,1503,2.5,1,4.5,88.23,11,5
Magna International Inc.,MHK,Automotive Manufacturing & Supplies,1954,52000,12.0,10,7.5,85.0,8,150
Mohawk Industries,MOH,Textiles,1921,27000,4.0,7,4.4,35.42,9,15
"Tesla, Inc.",TSLA,Technology,2003,100000,15.89,2,4.6,78.9,14,10
"Mondelez International, Inc.",MDLZ,Consumer Staples,1997,85000,2.0,1,3.4,30.0,14,100
"Maxwell Technologies, Inc.",M PWR,Semiconductors,1974,500,22.0,3,72.0,95.0,12,15
Mondelez International,MNST,Consumer Staples,1912,94000,5.5,2,3.4,58.0,7,20
Melco Resorts & Entertainment Limited,MCO,Housing and Real Estate,1982,5000,15.0,3,7.5,85.0,10,200
Monsanto,MON,Agricultural,1901,11500,8.0,4,3.2,74.6,11,500
,,,0,0,0.0,0,0.0,10.5,3,500
Micro-Star International,2310.TW,Technology,1986,250000,7.0,3,4.2,90.0,12,100
MSCI Inc.,MSCI,Investment Services,1988,2100,3.5,1,4.2,20.0,9,25
,NASDAQ: NDAQ,Technology Sector,1971,60000,5.0,3,60.8,65.0,13,10000
"NetApp, Inc.",NTAP,Technology Hardware & Electronics,1992,12000,14.0,3,4.5,30.0,15,200
Netflix Inc.,NFLX,Media Streaming Services,1997,1140000,13.0,5,4.2,40.1,16,50
...,NEM,... ,2000,100000,10.0,4,0.5,15.0,6,200
,NWSA,,0,0,0.0,0,0.0,0.0,0,0
Newmont Corporation,NWSA,"Mining, Oil & Gas",1896,11500,4.2,9,4.8,50.0,14,150
[FULL COMPANY NAME],[TICKER SYMBOL],[SECTOR/INDUSTRY],100,-1,0.0,0,7.5,60.0,10,-1
"NIKE, Inc.",NKE,Retailing & Apparel Industry,1964,85000,32.75,25,7.5,30.0,11,500000
National Instruments Corp,NI,Industrials,1976,8500,14.0,3,4.1,40.0,9,500
"NetDynamics, Inc.",NDSN,Software,1999,500,15.2,2,4.6,75.2,12,20
,...,,0,0,0.0,0,0.0,0.0,0,0
National Nuclear Security Administration,NTRS,"Energy - Renewable Energy, Utilities & Mining",1992,3000,2021.0,5,4.8,95.2,25,350
NOVARTIS PHARMACEUTICALS CORPORATION,NOC,Healthcare & Pharmaceuticals,1896,100000,11.0,7,78.0,80.0,4,2000
Norfolk Southern Corporation,NSC,Transportation,1869,25100,6.0,4,2.9,85.5,12,20000
"NRG Energy, Inc.",NRG,Energy - Utilities,1992,11200,6.0,1,3.0,99.0,14,12000
"Nuance Communications, Inc.",NUE,Technology,1994,50000,5.0,6,2.9,68.0,11,20
NVIDIA Corporation,NVDA,Technology,1993,14700,11.5,6,4.2,70.0,13,10
"Hikvision Digital Technology Co., Ltd.",NVR,Aerospace & Defense,2019,5000,2.0,3,4.8,90.0,12,20
NVIDIA Corporation (NASDAQ),NASDAQ:NVDA,Technology - Semiconductors and Computer Manufacturing Industry,1993,17000,6.0,2,4.8,78.0,11,100
Oracle Corporation,ORCL,Information Technology (IT),1977,1330000,20.0,6,3.7,50.0,11,-3000
Oculus,OXY,Technology,2009,1000000,10.0,5,4.2,50.0,7,500000
"OceanDrop, Inc.",ODFL,Healthcare,2020,125,2.5,4,3.8,25.0,11,42
Omnicom Group Inc.,OMC,Advertising & Marketing Services,1934,113500,8.0,1,3.5,98.0,13,400
,,,0,0,0.0,0,0.0,0.0,0,0
Covington Capital Holdings,CRK,Technology,1998,235000,2.75,5,3.9,62.4,8,125
"""Oracle Corporation""",~OC~,Technology,1977,131110,16.5,2,4.15,65.9,12,234
OTIS Worldwide Corporation,OTIS,Advertising and Marketing,1983,2,1.0,6,3.4,70.0,12,20
.P.C.A.R.,PCAR,.P.C.A.R. Transportation and Logistics,1969,13000,5.0,3,71.0,45.2,8,100
PKG,PKG,Technology,2008,15000,5.0,2,4.2,45.0,9,100
Platinum Energy,PLTR,Technology,2020,10,2.0,5,3.8,85.0,15,5
Panasonic Corporation,PANW,Information Technology,1918,24000,9.5,3,7.4,67.82,13,100
ParaTech Inc.,PTEN,Technology Consulting Services,2009,75,5.0,1,3.4,20.0,7,10
"Penske Health Solutions, Inc.",PH,Healthcare Services,1988,30000,12.0,1,3.7,85.0,10,100
Check Free Inc.,PAYX,IT Services,1986,70000,25.0,8,4.2,50.0,9,500
"Paycom Payroll, Inc.",PAYC,Technology & Information Services,1998,450000,9.5,4,3.7,67.21,14,100
PayPal,PYPL,e-commerce/financial services,1998,103000,2012.0,4,3.7,65.0,12,50
"Panasonic Corporation (Matsushita Electric Industrial Co., Ltd.)",PNR,"Automotive Manufacturing, Consumer Electronics (Panasonic)",1918,5000000,8.96,3,4.2,35.1,13,15000000
Philips Electronics NV,PEP,Technology Hardware & Equipment,1891,1000000,15.0,4,3.4,50.0,13,100
Pfizer Inc.,PFE,Healthcare,1849,103000,29.0,11,82.73,40.33,16,500
[Company Name],PCG,Technology,1966,24000,4.0,5,3.2,67.5,8,200
Procter & Gamble Company,PG,Consumer Staples,1816,127000,14.0,8,72.0,30.5,11,50
"Philippine Long Lines Company, Inc.",PSX,Transportation & Logistics,1906,70000,16.0,5,3.2,25.0,15,100
Patagonia,P.N.W.,Clothing Retail Industry,1972,1922,13.45,7,4.8,99.5,10,12
First Pennsylvania Trust Company (PNC),PNC,Financial Services - Diversified Banks,1863,54000,12.0,1,83.0,95.0,15,1250
Pool Corporation,POOL,Building Materials,1949,4000,8.25,3,4.6,30.0,12,500
PPG Industries Inc.,.PPG,Industrials,1886,22000,10.0,3,4.0,60.0,5,200
Pennsylvania Railroad Company,PPL,Utilities,1830,13500,3.5,1,4.2,90.0,13,100
Pfizer Inc.,PFE,Healthcare,1849,95,16.5,3,73.0,60.0,13,120
Pfizer Inc.,PG,Pharmaceuticals & Biotech,1906,96,32.3,4,88.0,87.0,12,5
Pioneer Global Resources Inc.,PGR,Mining,2001,2500,4.6,12,2.8,24.0,11,100
Parker Industries LLC,PLD,Aerospace & Defense,2007,6000,5.3,2,89.0,75.0,9,200
"Prudential Financial, Inc.",Pru (PRU),Financial Services,1848,55000,4.0,2,3.9,95.7,18,100
,,,0,0,0.0,0,0.0,0.0,0,0
"Pt Associates, Llc",PTC,Information Technology (IT) Services and Digital Manufacturing Technologies,2000,50000,3.0,2,64.0,70.1,11,150000
,,,0,0,0.0,0,0.0,0.0,0,0
Pharmaceutical Products Inc.,PHM,Healthcare,1982,1500,5.0,3,4.6,70.0,12,10
,PWR,,0,0,0.0,0,0.0,0.0,0,0
"Qualcomm, Inc.",QCOM,Technology,1993,5000,8.5,4,80.0,75.0,16,30
NVIDIA Corporation,DGX,Technology,1993,15200,20.4,5,95.0,98.0,14,0
Reliance Industries Limited,RELIANCE.NS,Energy & Resources,1966,0,200.5,4,-2.0,40.0,2,500
Radio-John-Fillette,RJF,Consumer Finance,2020,5000,5.2,-1,-5.0,-10.0,15,200
RTX Corp,NASDAQ: RTX,Consumer Electronics,1973,2500,5.0,4,78.0,45.0,19,500
,,,0,0,0.0,0,0.0,0.0,0,0
"Regal Entertainment Group, Inc.",RGLD,Theaters (Live Theater),2000,50000,7.0,2,5.3,96.8,14,25
Regeneron Pharmaceuticals,REGN,Healthcare/Biotechnology,2008,5500,7.5,2,4.12,35.82,9,75
"Research Frontiers, Inc. (RFR)",RFR,Technology,1993,25,4.0,1,2.5,45.0,3,5
,RSG,,0,0,0.0,0,-1.5,-100.0,0,-1
Real Money Direct LLC,RMD,Digital Media,2013,100,4.0,2,4.5,65.0,7,10
"RV Ty Systems, Inc.",RVTY,Technology,2015,50,3.0,2,-1.0,45.0,5,10
ROK,ROK,Financial Services,1997,25,2.5,1,4.8,30.0,5,15
Roche Holding AG,ROG.AX,Healthcare,1886,463000,8.25,2,72.5,38.4,14,235
Rop,ROP,Consumer Discretionary,1995,1000000,3.2,4,7.0,85.0,3,50000
Restaurant Brands International Inc,Rostamani Holding PJSC,Consumer Services,1956,2200000,10.0,2,3.5,70.0,16,50000
Dick's Sporting Goods Inc.,RCL,Consumer Discretionary,1948,90000,12.0,4,3.6,52.5,15,100
Spdr S&p 500 Etf Tr,SPGI,Equity ETFs,1995,0,0.0,0,4.57,45.6,7,-1
Microsoft Corporation,MSFT,Information Technology,1915,190000,30.0,1,4.2,60.0,17,10
SBA Communications,SBAC,Real Estate Sector - Telecommunications Infrastructure,1998,15000,6.2,5,83.0,91.0,13,123
Schlumberger Limited,SLB,Industrial – Oil & Gas,1924,100000,10.0,2,72.0,80.0,5,500
Standex International Corporation,ST,Industrial Products,1924,2000,7.5,2,3.6,30.0,12,50
Special Response Team Enterprises Inc,SRE,Oil & Gas Transportation,1913,45000,5.0,3,7.8,23.4,15,250
,,,0,0,0.0,0,0.0,0.0,0,0
Schwab Investment Corp.,SCH:US,Financial Services,1971,50000,15.0,2,85.0,95.0,12,800
Spoke Networks,SPG,Transportation,2004,4000000,3.0,1,80.0,25.5,7,5
Sky-Watcher Ltd,SWKS,Consumer Electronics,1987,80000,2.3,5,2.4,25.0,11,100000
,SJM,,1826,0,25.2,9,4.1,15.0,7,100
Southwestern Energy Company,SWN,Oil & Gas - Refining & Marketing,1945,8000,2018.0,3,2.9,44.0,13,200
Snap Inc.,SNA,Technology/Consumer Discretionary,2011,20000000,5.1,3,-4.8,-2.5,4,10
SOL,SNP,Energy,1908,5000,2.5,3,3.7,55.0,12,200
,,,0,0,0.0,0,0.0,0.0,0,0
Southwest Airlines Co.,LUV,Transportation - Airlines,1971,55000,2018.0,2,4.3,55.9,12,500
"Skechers Global Manufacturing, Inc.",SKX,Consumer Cyclical,2001,3000,2.0,3,-6.5,45.1,12,500
,SBUX,,0,0,0.0,0,25.0,0.0,0,0
Statoil ASA (now Equinor),EQNR,Energy,1901,40000,4.0,2,3.6,50.0,11,10000
"Steel Dynamics, Inc.",STLD,Metal & Mining Industry,1987,3900,5.2,8,4.9,82.0,11,30
Energy Transfer LP,STE,Energy - MLPs (Master Limited Partnerships),1995,0,0.0,0,2.1,100.0,0,-5000
"Sykes Enterprises, Incorporated",SYK,Information Technology - Business Services and Outsourcing,1974,50000,2020.0,8,81.0,88.7,12,500
"Smith Micro Software, Inc.",SMCI,Technology,1981,1000,5.0,2,7.8,60.0,9,500
Starbucks Corporation,SYF,Consumer-Retail,1971,375000,5.67,4,3.64,44.2,11,45
Biogen Idec,SNPS,Healthcare Equipment,2006,1110000,8.0,4,-7.0,50.0,12,50000
SigmaTron International Inc.,SYY,Industrial Products,1991,12300,2.5,2,3.8,75.6,9,10
"T-Mobile US, Inc.",TMUS,Telecommunications Services,1994,40000,6.0,3,81.5,86.1,10,10000
"The T. Rowe Price Group, Inc.",TROW,Financial Services,1931,6000,11.0,4,3.9,65.5,12,100
Take-Two Interactive,TTWO,Gaming,1993,3200,2015.1,9,84.0,80.0,14,10
Texas Instruments Incorporated,TXN,Technology / Semiconductors and Integrated Circuits,1937,32000,2.6,4,3.5,20.6,13,150
Targa Resources Corporation,TRGP,Industrials: Integrated Energy & Utilities,2011,2,-6.0,7,9.0,50.0,3,1
Target Corporation,.TGT,Retail,1962,470000,2.8,1,3.4,50.0,18,0
,,,0,0,0.0,0,0.0,0.0,0,0
"Technological Diversification, Inc. ",TDY,Technology,1989,250000,5.0,4,7.0,90.0,8,50
"Tesla, Inc.",TSLA,Energy,2003,5000000,15.0,6,9.5,70.0,13,30000
"Tesla, Inc.",TSLA,Autos & Mobility,2003,1036000,8.7,4,4.2,60.0,9,300
Texas Instruments,TXN,Technology Hardware & Equipment,1958,30000,10.0,3,84.0,82.0,12,100
TechCorp Inc. (TICK),TICK,*Technology*,2010,50000,5.0,0,78.0,45.3,15,100
Apple Inc.,AAPL,Technology,1976,16300000,20.0,11,4.0,89.5,7,100
Thomson Reuters Inc.,TMO,Media - Publishing & Information Services,1998,12000,26.5,21,4.1,30.2,15,123
<full_company_name>,T.J. X PRESSURE,Consumer retail,1980,350000,6.9,3,2.5,70.1,12,5000
,,,0,0,0.0,0,0.0,0.0,0,0
"Supervalu, Inc.",TSCO,Retail Stores (Food Retailer),1957,100000,1.0,2,6.5,55.0,20,3000
,,,0,-1,-1.0,-1,-1.0,-1.0,0,-1
TD Garden LP,TDG,Real Estate,2012,1000,3.0,5,4.8,85.0,7,500
"Trane Residential Products, LLC",TRV,Energy,1916,4000,12.5,7,4.2,65.3,14,100
TradeBank Group,TRMB,Financial Services,1981,2000,2.0,3,4.5,30.0,10,50
Fortescue Metals Group Limited,TFC,Industrials,1995,80000,10.23,7,2.8,15.0,5,500
Meta Platforms Inc,META,Technology,2004,69900,23.0,3,45.67,60.0,12,120
Sportsman's Guide,TSCF.TX,Retail,1997,2500,2.5,1,86.0,60.0,8,200
United States Businessmen & Women,USBG,Technology & Media,1801,5000,5.3,2,4.2,12.5,10,50
Uber Technologies Inc.,UBER,Technology,2009,7000000,13.0,3,3.8,65.0,15,500000
Univest Corporation,UDR,Real Estate Convergence & Logistics Development,2014,1500,7.0,2,3.5,85.0,9,100
ULTRA,ULTA,Healthcare,2010,10567,5.0,3,4.2,32.9,20,120
Union Pacific Railroad,UNP,Transportation Services,1862,30000,4.0,3,84.0,65.32,11,500
"United Air Lines, Inc.",UAL,Transportation,1926,150000,4.0,7,4.2,92.0,13,15000
,,,0,0,0.0,0,0.0,0.0,0,0
Your Company,YPDR,Technology Sector,2006,5000,5.0,1,4.2,15.5,10,100
University of New Hampshire,UNH,Education,1866,4500,4.0,2,3.9,78.0,23,15
"Universal Health Services, Inc.",UHS,Healthcare Providers,1979,30000,2.0,3,75.0,60.5,11,200
,VLO,,-1,-1,-1.0,-1,-1.0,-1.0,-1,-1
Venture Trucking,VTR,Transportation & Logistics: Freight Trucking & LTL Services,1993,4500,2.5,6,4.33,58.0,12,250
Valeant Pharmaceuticals International Inc.,VLTO,Healthcare,1851,9000,4.25,8,7.3,30.5,12,100
Verizon Communications Inc.,VRSN,Telecom Services,1984,107500,2.0,3,3.1,70.2,11,50
Vertex Ventures,VRSK,"Securities Brokerage Firm, Asset Management",2021,100500,2.5,3,4.45,85.6,150,500
Verizon Communications Inc.,VZ,Telecommunications,1984,142000,5.2,6,3.7,65.0,14,10000
Vertex Pharmaceuticals Incorporated,VRTX,Healthcare - Biotechnology,2000,41000,11.2,5,8.6,65.3,12,30
Veritone,VTRS,Information Technology,2005,101,2.15,1,7.8,44.3,6,5
VICIs,VICI,REIT - Residential Real Estate,1973,5000,2.0,6,2.5,92.0,11,20
Volkswagen AG,VWAN,Consumer Cyclical,1937,6360000,13.5,3,2.9,65.0,19,25000
,,,0,0,0.0,5,-1.0,50.0,10,0
,VMC,,2020,100,2.5,3,4.7,12.5,10,20
"Western Refining, Inc. (WRB)",WRB,Transportation Infrastructure & Equipment,1946,230000,12.0,3,74.0,20.5,10,250
"GrowthWerks, Inc.",GWW,Technology Services,2010,1202,5.0,1,4.23,95.0,9,50
Wayfair Inc.,WAB,Retailing,2011,12000,4.5,3,2.6,90.0,23,100
Weight Watchers Inc.,.WW,Consumer Services,1883,10000,4.0,1,4.2,65.5,10,25
Walmart Inc.,WMT,Retail,1962,2300000,-4.0,5,3.3,92.14,15,600
Disquite LLC,.DIS,Technology,2018,12300,5.0,3,2.9,85.0,12,50
Warner Bros. Discovery,WBD,Media Entertainment,1913,12000,4.0,2,1.8,45.0,15,50
Walt Disney,WM,Entertainment,1923,250000,1.0,6,4.5,55.2,14,1000000
Meta Platforms,META,Technology,2004,69900,3.5,2,3.0,88.0,17,0
,,,0,0,0.0,0,0.0,0.0,0,0
Wells Fargo & Company,WFC,Financial Services,1852,533000,7.1,3,76.0,94.2,34,456
,,,0,0,0.0,0,0.0,0.0,0,0
Western Digital Corporation,WD,Technology Hardware & Systems,1979,12000,2.0,3,4.2,95.0,11,80
Western Digital Corporation,WDC,Semiconductors and Storage Systems Components Manufacturing,1993,10700,13.0,2,4.1,45.56,8,42
"Wyoming Semi-Tools, Inc.",.WSMT,Consumer Discretionary > Semiconductors & Semiconductor Equipment,1991,3000,3.0,2,4.6,80.0,7,50
,WSM,,0,0,0.0,0,0.0,0.0,0,0
@actual name,WMB,Basic Industries,0,500,3.0,1,2.0,40.5,10,25
"Tesla, Inc.",TSLA,Consumer Electronics,2003,100000,12.33,7,4.2,75.0,11,20000
"WXIA Broadcasting, LLC",WXYA,Radio and Television Broadcasting,1996,1500,5.0,4,4.2,45.0,10,20
,WYNN,,0,0,0.0,0,0.0,0.0,0,0
EQT Corporation,XEL,Energy,1913,800000,2.8,8,65.0,58.5,12,25000
Xylyx,XYL,Healthcare (Bioscience),2014,1000,5.3,2,7.9,45.2,9,50
"Yum! Brands, Inc.",YUM,Consumer Discretionary,1997,90000,11.4,2,3.5,45.0,10,500
,ZBRA,,0,0,0.0,0,0.0,0.0,0,0
"Newell Brands, Inc.",ZBH,Manufacturing,1900,22000,7.0,3,68.0,30.0,12,50
"Zoetis, Inc.",ZTS,Healthcare,2000,10500,6.0,2,3.5,70.0,8,10
